<?xml version="1.0" encoding="UTF-8"?>
<!DOCTYPE mapper
      PUBLIC "-//mybatis.org//DTD Mapper 3.0//EN"
    "http://mybatis.org/dtd/mybatis-3-mapper.dtd">

<mapper namespace="boardMapper">
	<!-- 01. 게시글 전체 목록 조회 -->
	<select id="listAll" resultType="com.maria.mybatis.board.BoardVO">
		SELECT
		no,
		title,
		contents,
		date
		FROM
		board
		ORDER BY
		no desc
	</select>

	<!-- 02. 게시글 작성 -->
	<insert id="insertList" parameterType="com.maria.mybatis.board.BoardVO">
		INSERT INTO board(
		title,
		contents,
		date
		) VALUES (
		#{title},
		#{contents},
		now()
		)
	</insert>

	<!-- 03. 게시글 상세보기 조회 -->
	<select id="view" resultType="com.maria.mybatis.board.BoardVO">
		SELECT * FROM board
		WHERE no = #{no}
	</select>
	<!-- 04. 게시글 수정처리 -->
	<update id="updateList">
		UPDATE board SET
		title = #{title},
		content = #{contents},
		date = now()
		WHERE no = #{no}
	</update>
	
	<!--  게시글 삭제처리 -->
	<delete id="deleteList">
		DELETE FROM board
		WHERE no = #{no}
	</delete>
</mapper>
