<?xml version="1.0" encoding="UTF-8"?>
<!DOCTYPE mapper
      PUBLIC "-//mybatis.org//DTD Mapper 3.0//EN"
    "http://mybatis.org/dtd/mybatis-3-mapper.dtd">

<mapper namespace="partMapper">
	<!-- 01. 게시글 전체 목록 조회 -->
	<select id="partListAll" resultType="com.maria.mybatis.part.PartVO">
		SELECT
			partNo,
			phone_before,
			phone_after,
			group_name,
			user_name,
			ip,
			date
		FROM
			partlist
	</select>

	<!-- 02. 게시글 작성 -->
	<insert id="insertPart" parameterType="com.maria.mybatis.part.PartVO">
		INSERT INTO partlist(
			title,
			contents,
			date
		)VALUES (
			#{title},
			#{contents},
			now()
		)
	</insert>

	<!-- 03. 게시글 상세보기 조회 -->
	<select id="viewPart" resultType="com.maria.mybatis.part.PartVO">
		SELECT 
			partNo,
			phone_before,
			phone_after,
			group_name,
			user_name,
			ip,
			date
		 FROM 
		 	partlist
		WHERE partNo = #{partNo}
	</select>
	
	<!-- 04. 게시글 수정처리 -->
	<update id="updatePart">
		UPDATE partlist SET
			phone_before = #{phone_before},
			phone_after = #{phone_after},
			group_name = #{group_name},
			user_name = #{user_name},
			ip = #{ip},
			date = now()
		WHERE partNo = #{partNo}
	</update>
	
	<!--  게시글 삭제처리 -->
	<delete id="deletePart">
		DELETE FROM partlist
		WHERE partNo = #{partNo}
	</delete>
	

</mapper>
