<?xml version="1.0" encoding="UTF-8"?>
<!DOCTYPE mapper
      PUBLIC "-//mybatis.org//DTD Mapper 3.0//EN"
    "http://mybatis.org/dtd/mybatis-3-mapper.dtd">

<mapper namespace="partMapper">
	<!-- 01. 게시글 전체 목록 조회 -->
	<select id="partListAll" resultType="com.maria.mybatis.part.PartVO">
		SELECT
			partNo,
			phone_before,
			phone_after,
			group_name,
			user_name,
			ip,
			date
		FROM
			partlist
	</select>

	<!-- 02. 게시글 작성 -->
	<insert id="insertPart" parameterType="com.maria.mybatis.part.PartVO">
		INSERT INTO partlist(
			phone_before,
			phone_after,
			group_name,
			user_name,
			ip,	
			date
		)VALUES (
			#{phone_before},
			#{phone_after},
			#{group_name},
			#{user_name},
			#{ip},
			now()	
		)
	</insert>

	<!-- 03. 게시글 상세보기 조회 -->
	<select id="viewPart" resultType="com.maria.mybatis.part.PartVO" parameterType = "int">
		SELECT 
			partNo,
			phone_before,
			phone_after,
			group_name,
			user_name,
			ip,
			date
		 FROM 
		 	partlist
		WHERE partNo = #{partNo}
		
	</select>
	
	
	<!-- 04. 게시글 수정처리 -->
	<update id="updatePart">
		UPDATE partlist SET
			phone_before = #{phone_before},
			phone_after = #{phone_after},
			group_name = #{group_name},
			user_name = #{user_name},
			ip = #{ip},
			date = now()
		WHERE partNo = #{partNo}
	</update>
	
	<!--  게시글 삭제처리 -->
	<delete id="deletePart">
		DELETE FROM partlist
		WHERE partNo = #{partNo}
	</delete>
	
	<!-- 게시글 키워드로 검색 -->
	<select id = "searchPart" parameterType="HashMap" resultType="com.maria.mybatis.part.PartVO">
	SELECT
		partNo,
		phone_before,
		phone_after,
		group_name,
		user_name,
		ip,
		date
	FROM
		partlist
	WHERE 1=1
		<if test=' group_name != "" and group_name != null' >
			AND  group_name LIKE concat('%',#{group_name},'%')
		</if>
		<if test=' user_name != "" and user_name != null' >
			AND  user_name LIKE concat('%',#{user_name},'%')
		</if>
				<if test=' partNo != "" and partNo != null' >
			AND  partNo = #{partNo}
		</if>
		

		
	<!-- 	<if test = "group_name =! null and group_name =! ''">
			and group_name LIKE concat('%', #{group_name}, '%') 
		</if>
		<if test = "user_name =! null and user_name =! ''">
			and user_name LIKE concat('%', #{user_name}, '%') 
		</if>
		<if test = "partNo =! null and partNo =! ''">
			and partNo = #{partNo} 
		</if> -->
		

	</select>


</mapper>
